url,method_name,category
https://github.com/apache/ant/tree/995856afcb7f8168e970e39849bdfc9264f98c84//src/main/org/apache/tools/ant/AntClassLoader.java,initializeClass,open
https://github.com/apache/ant/tree/995856afcb7f8168e970e39849bdfc9264f98c84//src/main/org/apache/tools/ant/AntClassLoader.java,newAntClassLoader,open
https://github.com/apache/ant/tree/995856afcb7f8168e970e39849bdfc9264f98c84//src/main/org/apache/tools/ant/taskdefs/optional/junit/XMLJUnitResultFormatter.java,startTest,close
https://github.com/apache/ant/tree/995856afcb7f8168e970e39849bdfc9264f98c84//src/main/org/apache/tools/ant/taskdefs/optional/junit/XMLJUnitResultFormatter.java,formatError,open
https://github.com/apache/ant/tree/995856afcb7f8168e970e39849bdfc9264f98c84//src/main/org/apache/tools/ant/taskdefs/optional/junit/XMLJUnitResultFormatter.java,endTest,open
url,method_name,category
https://github.com/apache/cassandra/tree/69337a43670f71ae1fc55e23d6a9031230423900//test/unit/org/apache/cassandra/io/sstable/SSTableUtils.java,write,close
https://github.com/apache/cassandra/tree/69337a43670f71ae1fc55e23d6a9031230423900//test/unit/org/apache/cassandra/io/util/BufferedRandomAccessFileTest.java,testReadAndWrite,open
https://github.com/apache/cassandra/tree/69337a43670f71ae1fc55e23d6a9031230423900//interface/thrift/gen-java/org/apache/cassandra/thrift/Cassandra.java,compareTo,close
https://github.com/apache/cassandra/tree/69337a43670f71ae1fc55e23d6a9031230423900//interface/thrift/gen-java/org/apache/cassandra/thrift/Cassandra.java,null,open
https://github.com/apache/cassandra/tree/69337a43670f71ae1fc55e23d6a9031230423900//interface/thrift/gen-java/org/apache/cassandra/thrift/Cassandra.java,setFieldValue,open
https://github.com/apache/cassandra/tree/69337a43670f71ae1fc55e23d6a9031230423900//interface/thrift/gen-java/org/apache/cassandra/thrift/SchemaDisagreementException.java,compareTo,close
https://github.com/apache/cassandra/tree/69337a43670f71ae1fc55e23d6a9031230423900//interface/thrift/gen-java/org/apache/cassandra/thrift/SchemaDisagreementException.java,setFieldValue,open
https://github.com/apache/cassandra/tree/69337a43670f71ae1fc55e23d6a9031230423900//src/java/org/apache/cassandra/transport/ServerConnection.java,applyStateTransition,close
https://github.com/apache/cassandra/tree/69337a43670f71ae1fc55e23d6a9031230423900//src/java/org/apache/cassandra/transport/messages/ErrorMessage.java,encode,open
https://github.com/apache/cassandra/tree/69337a43670f71ae1fc55e23d6a9031230423900//src/java/org/apache/cassandra/transport/messages/ExecuteMessage.java,execute,open
url,method_name,category
https://github.com/apache/commons-lang/tree/bc255ccf5c239666ab54e5a31720d3f482ae78eb//src/main/java/org/apache/commons/lang3/StringUtils.java,toString,close
https://github.com/apache/commons-lang/tree/bc255ccf5c239666ab54e5a31720d3f482ae78eb//src/main/java/org/apache/commons/lang3/StringUtils.java,splitByCharacterType,open
url,method_name,category
https://github.com/apache/derby/tree/eea0d50c8d732cad9ba563ddfa786b7028eb092f//java/engine/org/apache/derby/catalog/types/DefaultInfoImpl.java,getReferencedColumnNames,close
https://github.com/apache/derby/tree/eea0d50c8d732cad9ba563ddfa786b7028eb092f//java/engine/org/apache/derby/catalog/types/IndexDescriptorImpl.java,baseColumnPositions,close
https://github.com/apache/derby/tree/eea0d50c8d732cad9ba563ddfa786b7028eb092f//java/engine/org/apache/derby/catalog/types/IndexDescriptorImpl.java,isAscending,close
https://github.com/apache/derby/tree/eea0d50c8d732cad9ba563ddfa786b7028eb092f//java/engine/org/apache/derby/catalog/types/IndexDescriptorImpl.java,<init>,close
https://github.com/apache/derby/tree/eea0d50c8d732cad9ba563ddfa786b7028eb092f//java/engine/org/apache/derby/catalog/types/IndexDescriptorImpl.java,<init>,close
https://github.com/apache/derby/tree/eea0d50c8d732cad9ba563ddfa786b7028eb092f//java/engine/org/apache/derby/catalog/types/IndexDescriptorImpl.java,setBaseColumnPositions,close
https://github.com/apache/derby/tree/eea0d50c8d732cad9ba563ddfa786b7028eb092f//java/engine/org/apache/derby/catalog/types/IndexDescriptorImpl.java,setIsAscending,close
https://github.com/apache/derby/tree/eea0d50c8d732cad9ba563ddfa786b7028eb092f//java/engine/org/apache/derby/catalog/types/OldRoutineType.java,null,open
https://github.com/apache/derby/tree/eea0d50c8d732cad9ba563ddfa786b7028eb092f//java/engine/org/apache/derby/catalog/types/ReferencedColumnsDescriptorImpl.java,getTriggerActionReferencedColumnPositions,close
https://github.com/apache/derby/tree/eea0d50c8d732cad9ba563ddfa786b7028eb092f//java/engine/org/apache/derby/catalog/types/ReferencedColumnsDescriptorImpl.java,getReferencedColumnPositions,close
https://github.com/apache/derby/tree/eea0d50c8d732cad9ba563ddfa786b7028eb092f//java/engine/org/apache/derby/catalog/types/ReferencedColumnsDescriptorImpl.java,<init>,close
https://github.com/apache/derby/tree/eea0d50c8d732cad9ba563ddfa786b7028eb092f//java/engine/org/apache/derby/catalog/types/ReferencedColumnsDescriptorImpl.java,<init>,close
https://github.com/apache/derby/tree/eea0d50c8d732cad9ba563ddfa786b7028eb092f//java/engine/org/apache/derby/catalog/types/RoutineAliasInfo.java,getParameterModes,close
https://github.com/apache/derby/tree/eea0d50c8d732cad9ba563ddfa786b7028eb092f//java/engine/org/apache/derby/catalog/types/RoutineAliasInfo.java,getParameterNames,close
https://github.com/apache/derby/tree/eea0d50c8d732cad9ba563ddfa786b7028eb092f//java/engine/org/apache/derby/catalog/types/RoutineAliasInfo.java,getParameterTypes,close
https://github.com/apache/derby/tree/eea0d50c8d732cad9ba563ddfa786b7028eb092f//java/engine/org/apache/derby/catalog/types/RoutineAliasInfo.java,<init>,close
https://github.com/apache/derby/tree/eea0d50c8d732cad9ba563ddfa786b7028eb092f//java/engine/org/apache/derby/catalog/types/RoutineAliasInfo.java,<init>,close
https://github.com/apache/derby/tree/eea0d50c8d732cad9ba563ddfa786b7028eb092f//java/engine/org/apache/derby/catalog/types/RoutineAliasInfo.java,<init>,close
https://github.com/apache/derby/tree/eea0d50c8d732cad9ba563ddfa786b7028eb092f//java/engine/org/apache/derby/catalog/types/RoutineAliasInfo.java,toString,open
https://github.com/apache/derby/tree/eea0d50c8d732cad9ba563ddfa786b7028eb092f//java/engine/org/apache/derby/catalog/types/RowMultiSetImpl.java,<init>,open
https://github.com/apache/derby/tree/eea0d50c8d732cad9ba563ddfa786b7028eb092f//java/engine/org/apache/derby/catalog/types/RowMultiSetImpl.java,<init>,open
https://github.com/apache/derby/tree/eea0d50c8d732cad9ba563ddfa786b7028eb092f//java/engine/org/apache/derby/catalog/types/RowMultiSetImpl.java,getColumnNames,close
https://github.com/apache/derby/tree/eea0d50c8d732cad9ba563ddfa786b7028eb092f//java/engine/org/apache/derby/catalog/types/RowMultiSetImpl.java,getTypes,close
https://github.com/apache/derby/tree/eea0d50c8d732cad9ba563ddfa786b7028eb092f//java/engine/org/apache/derby/catalog/types/RowMultiSetImpl.java,<init>,close
https://github.com/apache/derby/tree/eea0d50c8d732cad9ba563ddfa786b7028eb092f//java/engine/org/apache/derby/catalog/types/RowMultiSetImpl.java,<init>,close
https://github.com/apache/derby/tree/eea0d50c8d732cad9ba563ddfa786b7028eb092f//java/engine/org/apache/derby/catalog/types/TypeDescriptorImpl.java,equals,open
https://github.com/apache/derby/tree/eea0d50c8d732cad9ba563ddfa786b7028eb092f//java/engine/org/apache/derby/catalog/types/TypeDescriptorImpl.java,getRowTypes,open
https://github.com/apache/derby/tree/eea0d50c8d732cad9ba563ddfa786b7028eb092f//java/engine/org/apache/derby/catalog/types/TypeDescriptorImpl.java,getRowColumnNames,open
https://github.com/apache/derby/tree/eea0d50c8d732cad9ba563ddfa786b7028eb092f//java/engine/org/apache/derby/catalog/types/TypeDescriptorImpl.java,equals,open
https://github.com/apache/derby/tree/eea0d50c8d732cad9ba563ddfa786b7028eb092f//java/engine/org/apache/derby/catalog/types/TypeDescriptorImpl.java,equals,open
https://github.com/apache/derby/tree/eea0d50c8d732cad9ba563ddfa786b7028eb092f//java/engine/org/apache/derby/catalog/types/TypeDescriptorImpl.java,getRowTypes,open
https://github.com/apache/derby/tree/eea0d50c8d732cad9ba563ddfa786b7028eb092f//java/engine/org/apache/derby/catalog/types/TypeDescriptorImpl.java,getRowColumnNames,open
https://github.com/apache/derby/tree/eea0d50c8d732cad9ba563ddfa786b7028eb092f//java/engine/org/apache/derby/catalog/types/UDTAliasInfo.java,readExternal,open
https://github.com/apache/derby/tree/eea0d50c8d732cad9ba563ddfa786b7028eb092f//java/engine/org/apache/derby/catalog/types/UserDefinedTypeIdImpl.java,<init>,open
https://github.com/apache/derby/tree/eea0d50c8d732cad9ba563ddfa786b7028eb092f//java/client/org/apache/derby/client/ClientPooledConnection.java,<init>,close
https://github.com/apache/derby/tree/eea0d50c8d732cad9ba563ddfa786b7028eb092f//java/client/org/apache/derby/client/ClientPooledConnection.java,<init>,open
https://github.com/apache/derby/tree/eea0d50c8d732cad9ba563ddfa786b7028eb092f//java/client/org/apache/derby/client/ClientXid.java,equals,close
https://github.com/apache/derby/tree/eea0d50c8d732cad9ba563ddfa786b7028eb092f//java/client/org/apache/derby/client/ClientXid.java,getData,close
https://github.com/apache/derby/tree/eea0d50c8d732cad9ba563ddfa786b7028eb092f//java/client/org/apache/derby/client/ClientXid.java,setFormatID,open
https://github.com/apache/derby/tree/eea0d50c8d732cad9ba563ddfa786b7028eb092f//java/client/org/apache/derby/client/am/BlobLocatorOutputStream.java,null,open
https://github.com/apache/derby/tree/eea0d50c8d732cad9ba563ddfa786b7028eb092f//java/client/org/apache/derby/client/am/ByteArrayCombinerStream.java,nextArray,open
https://github.com/apache/derby/tree/eea0d50c8d732cad9ba563ddfa786b7028eb092f//java/client/org/apache/derby/client/am/ClobLocatorWriter.java,null,open
https://github.com/apache/derby/tree/eea0d50c8d732cad9ba563ddfa786b7028eb092f//java/client/org/apache/derby/client/am/CrossConverters.java,<clinit>,open
https://github.com/apache/derby/tree/eea0d50c8d732cad9ba563ddfa786b7028eb092f//java/client/org/apache/derby/client/am/CrossConverters.java,<clinit>,open
https://github.com/apache/derby/tree/eea0d50c8d732cad9ba563ddfa786b7028eb092f//java/client/org/apache/derby/client/am/CrossConverters.java,<clinit>,open
https://github.com/apache/derby/tree/eea0d50c8d732cad9ba563ddfa786b7028eb092f//java/client/org/apache/derby/client/am/CrossConverters.java,<clinit>,open
https://github.com/apache/derby/tree/eea0d50c8d732cad9ba563ddfa786b7028eb092f//java/client/org/apache/derby/client/am/Cursor.java,allocateCharBuffer,open
https://github.com/apache/derby/tree/eea0d50c8d732cad9ba563ddfa786b7028eb092f//java/client/org/apache/derby/client/am/FailedProperties40.java,makeProperties,open
https://github.com/apache/derby/tree/eea0d50c8d732cad9ba563ddfa786b7028eb092f//java/client/org/apache/derby/client/am/Lob.java,null,open
https://github.com/apache/derby/tree/eea0d50c8d732cad9ba563ddfa786b7028eb092f//java/client/org/apache/derby/client/am/Section.java,getPKGNAMCBytes,close
https://github.com/apache/derby/tree/eea0d50c8d732cad9ba563ddfa786b7028eb092f//java/client/org/apache/derby/client/am/Section.java,setPKGNAMCBytes,close
https://github.com/apache/derby/tree/eea0d50c8d732cad9ba563ddfa786b7028eb092f//java/client/org/apache/derby/client/am/SqlException.java,getMessageUtil,open
https://github.com/apache/derby/tree/eea0d50c8d732cad9ba563ddfa786b7028eb092f//java/client/org/apache/derby/client/am/SqlWarning.java,getSQLWarning,open
https://github.com/apache/derby/tree/eea0d50c8d732cad9ba563ddfa786b7028eb092f//java/client/org/apache/derby/client/am/SqlWarning.java,null,open
https://github.com/apache/derby/tree/eea0d50c8d732cad9ba563ddfa786b7028eb092f//java/client/org/apache/derby/client/am/Sqlca.java,getSqlErrd,open
https://github.com/apache/derby/tree/eea0d50c8d732cad9ba563ddfa786b7028eb092f//java/client/org/apache/derby/client/am/Sqlca.java,getSqlWarn,open
https://github.com/apache/derby/tree/eea0d50c8d732cad9ba563ddfa786b7028eb092f//java/client/org/apache/derby/client/am/Sqlca.java,resetRowsetSqlca,close
https://github.com/apache/derby/tree/eea0d50c8d732cad9ba563ddfa786b7028eb092f//java/client/org/apache/derby/client/am/stmtcache/JDBCStatementCache.java,null,open
https://github.com/apache/derby/tree/eea0d50c8d732cad9ba563ddfa786b7028eb092f//java/client/org/apache/derby/client/am/stmtcache/StatementKey.java,equals,open
https://github.com/apache/derby/tree/eea0d50c8d732cad9ba563ddfa786b7028eb092f//java/client/org/apache/derby/client/net/ClientJDBCObjectFactoryImpl.java,newClientXAConnection,close
https://github.com/apache/derby/tree/eea0d50c8d732cad9ba563ddfa786b7028eb092f//java/client/org/apache/derby/client/net/ClientJDBCObjectFactoryImpl.java,newClientXAConnection,close
https://github.com/apache/derby/tree/eea0d50c8d732cad9ba563ddfa786b7028eb092f//java/client/org/apache/derby/client/net/CodePointNameTable.java,null,open
https://github.com/apache/derby/tree/eea0d50c8d732cad9ba563ddfa786b7028eb092f//java/client/org/apache/derby/client/net/NaiveTrustManager.java,getSocketFactory,open
https://github.com/apache/derby/tree/eea0d50c8d732cad9ba563ddfa786b7028eb092f//java/client/org/apache/derby/client/net/NaiveTrustManager.java,getSocketFactory,open
https://github.com/apache/derby/tree/eea0d50c8d732cad9ba563ddfa786b7028eb092f//java/client/org/apache/derby/client/net/NaiveTrustManager.java,getSocketFactory,open
https://github.com/apache/derby/tree/eea0d50c8d732cad9ba563ddfa786b7028eb092f//java/client/org/apache/derby/client/net/NetAgent.java,<init>,open
https://github.com/apache/derby/tree/eea0d50c8d732cad9ba563ddfa786b7028eb092f//java/client/org/apache/derby/client/net/NetCallableStatement.java,null,open
https://github.com/apache/derby/tree/eea0d50c8d732cad9ba563ddfa786b7028eb092f//java/client/org/apache/derby/client/net/NetConnection.java,flowReconnect,open
https://github.com/apache/derby/tree/eea0d50c8d732cad9ba563ddfa786b7028eb092f//java/client/org/apache/derby/client/net/NetConnection.java,mapSecchkcd,open
https://github.com/apache/derby/tree/eea0d50c8d732cad9ba563ddfa786b7028eb092f//java/client/org/apache/derby/client/net/NetConnection.java,getTargetPublicKey,close
https://github.com/apache/derby/tree/eea0d50c8d732cad9ba563ddfa786b7028eb092f//java/client/org/apache/derby/client/net/NetConnection.java,setIndoubtTransactions,open
https://github.com/apache/derby/tree/eea0d50c8d732cad9ba563ddfa786b7028eb092f//java/client/org/apache/derby/client/net/NetConnectionReply.java,doValnsprmSemantics,open
https://github.com/apache/derby/tree/eea0d50c8d732cad9ba563ddfa786b7028eb092f//java/client/org/apache/derby/client/net/NetConnectionReply.java,parseSECCHKreply,close
https://github.com/apache/derby/tree/eea0d50c8d732cad9ba563ddfa786b7028eb092f//java/client/org/apache/derby/client/net/NetConnectionReply.java,parseSQLCNGRP,open
https://github.com/apache/derby/tree/eea0d50c8d732cad9ba563ddfa786b7028eb092f//java/client/org/apache/derby/client/net/NetConnectionReply.java,parseSQLCNGRP,open
https://github.com/apache/derby/tree/eea0d50c8d732cad9ba563ddfa786b7028eb092f//java/client/org/apache/derby/client/net/NetConnectionReply.java,parseSQLDIAGSTT,open
https://github.com/apache/derby/tree/eea0d50c8d732cad9ba563ddfa786b7028eb092f//java/client/org/apache/derby/client/net/NetConnectionReply.java,parseSQLDCGRP,open
https://github.com/apache/derby/tree/eea0d50c8d732cad9ba563ddfa786b7028eb092f//java/client/org/apache/derby/client/net/NetConnectionReply.java,parseSQLDCGRP,open
https://github.com/apache/derby/tree/eea0d50c8d732cad9ba563ddfa786b7028eb092f//java/client/org/apache/derby/client/net/NetLogWriter.java,<init>,close
https://github.com/apache/derby/tree/eea0d50c8d732cad9ba563ddfa786b7028eb092f//java/client/org/apache/derby/client/net/NetPackageReply.java,parseDTAMCHRM,open
https://github.com/apache/derby/tree/eea0d50c8d732cad9ba563ddfa786b7028eb092f//java/client/org/apache/derby/client/net/NetXAConnectionReply.java,parseIndoubtList,close
https://github.com/apache/derby/tree/eea0d50c8d732cad9ba563ddfa786b7028eb092f//java/client/org/apache/derby/client/net/NetXAConnectionReply.java,parseSQLSTTGRPNOCMorNOCS,open
https://github.com/apache/derby/tree/eea0d50c8d732cad9ba563ddfa786b7028eb092f//java/client/org/apache/derby/client/net/NetXAConnectionReply.java,parseSYNCCRD,open
https://github.com/apache/derby/tree/eea0d50c8d732cad9ba563ddfa786b7028eb092f//java/client/org/apache/derby/client/net/PublicBufferOutputStream.java,getBuffer,open
https://github.com/apache/derby/tree/eea0d50c8d732cad9ba563ddfa786b7028eb092f//java/engine/org/apache/derby/iapi/error/StandardException.java,getArguments,close
https://github.com/apache/derby/tree/eea0d50c8d732cad9ba563ddfa786b7028eb092f//java/engine/org/apache/derby/iapi/services/context/ContextService.java,resetCurrentContextManager,close
https://github.com/apache/derby/tree/eea0d50c8d732cad9ba563ddfa786b7028eb092f//java/engine/org/apache/derby/iapi/services/context/ContextService.java,<init>,open
https://github.com/apache/derby/tree/eea0d50c8d732cad9ba563ddfa786b7028eb092f//java/engine/org/apache/derby/iapi/services/context/SystemContext.java,cleanupOnError,open
https://github.com/apache/derby/tree/eea0d50c8d732cad9ba563ddfa786b7028eb092f//java/engine/org/apache/derby/iapi/services/io/FormatableArrayHolder.java,setArray,close
https://github.com/apache/derby/tree/eea0d50c8d732cad9ba563ddfa786b7028eb092f//java/engine/org/apache/derby/iapi/services/io/FormatableArrayHolder.java,<init>,close
https://github.com/apache/derby/tree/eea0d50c8d732cad9ba563ddfa786b7028eb092f//java/engine/org/apache/derby/iapi/services/io/FormatableBitSet.java,getByteArray,close
https://github.com/apache/derby/tree/eea0d50c8d732cad9ba563ddfa786b7028eb092f//java/engine/org/apache/derby/iapi/services/io/FormatableBitSet.java,<init>,close
https://github.com/apache/derby/tree/eea0d50c8d732cad9ba563ddfa786b7028eb092f//java/engine/org/apache/derby/iapi/services/io/FormatableHashtable.java,put,open
https://github.com/apache/derby/tree/eea0d50c8d732cad9ba563ddfa786b7028eb092f//java/engine/org/apache/derby/iapi/services/io/FormatableIntHolder.java,getFormatableIntHolders,open
https://github.com/apache/derby/tree/eea0d50c8d732cad9ba563ddfa786b7028eb092f//java/engine/org/apache/derby/iapi/services/io/FormatableLongHolder.java,getFormatableLongHolders,open
https://github.com/apache/derby/tree/eea0d50c8d732cad9ba563ddfa786b7028eb092f//java/engine/org/apache/derby/iapi/services/loader/ClassInspector.java,getParameterTypes,open
https://github.com/apache/derby/tree/eea0d50c8d732cad9ba563ddfa786b7028eb092f//java/engine/org/apache/derby/iapi/services/property/PropertyUtil.java,intPropertyValue,open
https://github.com/apache/derby/tree/eea0d50c8d732cad9ba563ddfa786b7028eb092f//java/engine/org/apache/derby/iapi/services/property/PropertyUtil.java,booleanProperty,open
https://github.com/apache/derby/tree/eea0d50c8d732cad9ba563ddfa786b7028eb092f//java/engine/org/apache/derby/iapi/sql/dictionary/CatalogRowFactory.java,initInfo,close
https://github.com/apache/derby/tree/eea0d50c8d732cad9ba563ddfa786b7028eb092f//java/engine/org/apache/derby/iapi/sql/dictionary/CatalogRowFactory.java,initInfo,close
https://github.com/apache/derby/tree/eea0d50c8d732cad9ba563ddfa786b7028eb092f//java/engine/org/apache/derby/iapi/sql/dictionary/CatalogRowFactory.java,getIndexName,open
https://github.com/apache/derby/tree/eea0d50c8d732cad9ba563ddfa786b7028eb092f//java/engine/org/apache/derby/iapi/sql/dictionary/CatalogRowFactory.java,getIndexColumnPositions,open
https://github.com/apache/derby/tree/eea0d50c8d732cad9ba563ddfa786b7028eb092f//java/engine/org/apache/derby/iapi/sql/dictionary/CatalogRowFactory.java,getIndexColumnCount,open
https://github.com/apache/derby/tree/eea0d50c8d732cad9ba563ddfa786b7028eb092f//java/engine/org/apache/derby/iapi/sql/dictionary/ConglomerateDescriptor.java,getColumnNames,close
https://github.com/apache/derby/tree/eea0d50c8d732cad9ba563ddfa786b7028eb092f//java/engine/org/apache/derby/iapi/sql/dictionary/ConglomerateDescriptor.java,setColumnNames,close
https://github.com/apache/derby/tree/eea0d50c8d732cad9ba563ddfa786b7028eb092f//java/engine/org/apache/derby/iapi/sql/dictionary/ConglomerateDescriptor.java,getSchemaID,open
https://github.com/apache/derby/tree/eea0d50c8d732cad9ba563ddfa786b7028eb092f//java/engine/org/apache/derby/iapi/sql/dictionary/ConglomerateDescriptor.java,getTableID,open
https://github.com/apache/derby/tree/eea0d50c8d732cad9ba563ddfa786b7028eb092f//java/engine/org/apache/derby/iapi/sql/dictionary/ConglomerateDescriptorList.java,null,open
https://github.com/apache/derby/tree/eea0d50c8d732cad9ba563ddfa786b7028eb092f//java/engine/org/apache/derby/iapi/sql/dictionary/ConstraintDescriptor.java,getColumnDescriptors,close
https://github.com/apache/derby/tree/eea0d50c8d732cad9ba563ddfa786b7028eb092f//java/engine/org/apache/derby/iapi/sql/dictionary/ConstraintDescriptor.java,getReferencedColumns,close
https://github.com/apache/derby/tree/eea0d50c8d732cad9ba563ddfa786b7028eb092f//java/engine/org/apache/derby/iapi/sql/dictionary/ConstraintDescriptorList.java,null,open
https://github.com/apache/derby/tree/eea0d50c8d732cad9ba563ddfa786b7028eb092f//java/engine/org/apache/derby/iapi/sql/dictionary/DDUtils.java,getCurrentDeleteConnections,open
https://github.com/apache/derby/tree/eea0d50c8d732cad9ba563ddfa786b7028eb092f//java/engine/org/apache/derby/iapi/sql/dictionary/DDUtils.java,getCurrentDeleteConnections,open
https://github.com/apache/derby/tree/eea0d50c8d732cad9ba563ddfa786b7028eb092f//java/engine/org/apache/derby/iapi/sql/dictionary/IndexLister.java,getDistinctIndexConglomerateNumbers,close
https://github.com/apache/derby/tree/eea0d50c8d732cad9ba563ddfa786b7028eb092f//java/engine/org/apache/derby/iapi/sql/dictionary/IndexLister.java,getDistinctIndexNames,close
https://github.com/apache/derby/tree/eea0d50c8d732cad9ba563ddfa786b7028eb092f//java/engine/org/apache/derby/iapi/sql/dictionary/IndexLister.java,getDistinctIndexRowGenerators,close
https://github.com/apache/derby/tree/eea0d50c8d732cad9ba563ddfa786b7028eb092f//java/engine/org/apache/derby/iapi/sql/dictionary/IndexLister.java,getIndexRowGenerators,close
https://github.com/apache/derby/tree/eea0d50c8d732cad9ba563ddfa786b7028eb092f//java/engine/org/apache/derby/iapi/sql/dictionary/IndexLister.java,getIndexConglomerateNumbers,close
https://github.com/apache/derby/tree/eea0d50c8d732cad9ba563ddfa786b7028eb092f//java/engine/org/apache/derby/iapi/sql/dictionary/PasswordHasher.java,<init>,close
https://github.com/apache/derby/tree/eea0d50c8d732cad9ba563ddfa786b7028eb092f//java/engine/org/apache/derby/iapi/sql/dictionary/PermDescriptor.java,null,open
https://github.com/apache/derby/tree/eea0d50c8d732cad9ba563ddfa786b7028eb092f//java/engine/org/apache/derby/iapi/sql/dictionary/ReferencedKeyConstraintDescriptor.java,null,open
https://github.com/apache/derby/tree/eea0d50c8d732cad9ba563ddfa786b7028eb092f//java/engine/org/apache/derby/iapi/sql/dictionary/SPSDescriptor.java,getCompileTime,close
https://github.com/apache/derby/tree/eea0d50c8d732cad9ba563ddfa786b7028eb092f//java/engine/org/apache/derby/iapi/sql/dictionary/SPSDescriptor.java,getParameterDefaults,close
https://github.com/apache/derby/tree/eea0d50c8d732cad9ba563ddfa786b7028eb092f//java/engine/org/apache/derby/iapi/sql/dictionary/SPSDescriptor.java,getParams,close
https://github.com/apache/derby/tree/eea0d50c8d732cad9ba563ddfa786b7028eb092f//java/engine/org/apache/derby/iapi/sql/dictionary/SPSDescriptor.java,<init>,close
https://github.com/apache/derby/tree/eea0d50c8d732cad9ba563ddfa786b7028eb092f//java/engine/org/apache/derby/iapi/sql/dictionary/SPSDescriptor.java,setParameterDefaults,close
https://github.com/apache/derby/tree/eea0d50c8d732cad9ba563ddfa786b7028eb092f//java/engine/org/apache/derby/iapi/sql/dictionary/SPSDescriptor.java,setParams,close
https://github.com/apache/derby/tree/eea0d50c8d732cad9ba563ddfa786b7028eb092f//java/engine/org/apache/derby/iapi/sql/dictionary/SequenceDescriptor.java,prepareToInvalidate,open
https://github.com/apache/derby/tree/eea0d50c8d732cad9ba563ddfa786b7028eb092f//java/engine/org/apache/derby/iapi/sql/dictionary/StatementColumnPermission.java,equals,open
https://github.com/apache/derby/tree/eea0d50c8d732cad9ba563ddfa786b7028eb092f//java/engine/org/apache/derby/iapi/sql/dictionary/StatementColumnPermission.java,check,open
https://github.com/apache/derby/tree/eea0d50c8d732cad9ba563ddfa786b7028eb092f//java/engine/org/apache/derby/iapi/sql/dictionary/StatementPermission.java,genericCheck,open
https://github.com/apache/derby/tree/eea0d50c8d732cad9ba563ddfa786b7028eb092f//java/engine/org/apache/derby/iapi/sql/dictionary/StatementRolePermission.java,check,open
https://github.com/apache/derby/tree/eea0d50c8d732cad9ba563ddfa786b7028eb092f//java/engine/org/apache/derby/iapi/sql/dictionary/StatementRolePermission.java,check,open
https://github.com/apache/derby/tree/eea0d50c8d732cad9ba563ddfa786b7028eb092f//java/engine/org/apache/derby/iapi/sql/dictionary/StatementTablePermission.java,oneAuthHasPermissionOnTable,open
https://github.com/apache/derby/tree/eea0d50c8d732cad9ba563ddfa786b7028eb092f//java/engine/org/apache/derby/iapi/sql/dictionary/StatisticsDescriptor.java,getUpdateTimestamp,close
https://github.com/apache/derby/tree/eea0d50c8d732cad9ba563ddfa786b7028eb092f//java/engine/org/apache/derby/iapi/sql/dictionary/TableDescriptor.java,getAutoincIncrementArray,open
https://github.com/apache/derby/tree/eea0d50c8d732cad9ba563ddfa786b7028eb092f//java/engine/org/apache/derby/iapi/sql/dictionary/TriggerDescriptor.java,getCreationTimestamp,close
https://github.com/apache/derby/tree/eea0d50c8d732cad9ba563ddfa786b7028eb092f//java/engine/org/apache/derby/iapi/sql/dictionary/TriggerDescriptor.java,getReferencedCols,close
https://github.com/apache/derby/tree/eea0d50c8d732cad9ba563ddfa786b7028eb092f//java/engine/org/apache/derby/iapi/sql/dictionary/TriggerDescriptor.java,getReferencedColsInTriggerAction,close
https://github.com/apache/derby/tree/eea0d50c8d732cad9ba563ddfa786b7028eb092f//java/engine/org/apache/derby/iapi/sql/dictionary/TriggerDescriptor.java,<init>,close
https://github.com/apache/derby/tree/eea0d50c8d732cad9ba563ddfa786b7028eb092f//java/engine/org/apache/derby/iapi/sql/dictionary/TriggerDescriptor.java,<init>,open
https://github.com/apache/derby/tree/eea0d50c8d732cad9ba563ddfa786b7028eb092f//java/engine/org/apache/derby/iapi/sql/dictionary/TriggerDescriptor.java,<init>,close
https://github.com/apache/derby/tree/eea0d50c8d732cad9ba563ddfa786b7028eb092f//java/engine/org/apache/derby/iapi/sql/dictionary/UserDescriptor.java,getLastModified,close
https://github.com/apache/derby/tree/eea0d50c8d732cad9ba563ddfa786b7028eb092f//java/engine/org/apache/derby/iapi/sql/dictionary/UserDescriptor.java,<init>,close
https://github.com/apache/derby/tree/eea0d50c8d732cad9ba563ddfa786b7028eb092f//java/engine/org/apache/derby/iapi/sql/execute/ExecRowBuilder.java,setColumn,open
https://github.com/apache/derby/tree/eea0d50c8d732cad9ba563ddfa786b7028eb092f//java/engine/org/apache/derby/iapi/store/access/BackingStoreHashtable.java,<init>,open
https://github.com/apache/derby/tree/eea0d50c8d732cad9ba563ddfa786b7028eb092f//java/engine/org/apache/derby/iapi/store/access/DiskHashtable.java,<init>,open
https://github.com/apache/derby/tree/eea0d50c8d732cad9ba563ddfa786b7028eb092f//java/engine/org/apache/derby/iapi/store/access/DiskHashtable.java,nextElement,open
https://github.com/apache/derby/tree/eea0d50c8d732cad9ba563ddfa786b7028eb092f//java/engine/org/apache/derby/iapi/store/access/GlobalXact.java,toString,open
https://github.com/apache/derby/tree/eea0d50c8d732cad9ba563ddfa786b7028eb092f//java/engine/org/apache/derby/iapi/store/access/RowUtil.java,toString,open
https://github.com/apache/derby/tree/eea0d50c8d732cad9ba563ddfa786b7028eb092f//java/engine/org/apache/derby/iapi/store/access/RowUtil.java,toString,open
https://github.com/apache/derby/tree/eea0d50c8d732cad9ba563ddfa786b7028eb092f//java/engine/org/apache/derby/iapi/store/access/xa/XAXactId.java,getBranchQualifier,close
https://github.com/apache/derby/tree/eea0d50c8d732cad9ba563ddfa786b7028eb092f//java/engine/org/apache/derby/iapi/store/access/xa/XAXactId.java,getGlobalTransactionId,close
https://github.com/apache/derby/tree/eea0d50c8d732cad9ba563ddfa786b7028eb092f//java/engine/org/apache/derby/iapi/store/access/xa/XAXactId.java,equals,open
https://github.com/apache/derby/tree/eea0d50c8d732cad9ba563ddfa786b7028eb092f//java/engine/org/apache/derby/iapi/store/raw/ContainerKey.java,getContainerId,open
https://github.com/apache/derby/tree/eea0d50c8d732cad9ba563ddfa786b7028eb092f//java/engine/org/apache/derby/iapi/store/raw/FetchDescriptor.java,getQualifierList,open
https://github.com/apache/derby/tree/eea0d50c8d732cad9ba563ddfa786b7028eb092f//java/engine/org/apache/derby/iapi/store/raw/FetchDescriptor.java,getMaterializedColumns,open
https://github.com/apache/derby/tree/eea0d50c8d732cad9ba563ddfa786b7028eb092f//java/engine/org/apache/derby/iapi/store/raw/FetchDescriptor.java,getValidColumnsArray,open
https://github.com/apache/derby/tree/eea0d50c8d732cad9ba563ddfa786b7028eb092f//java/engine/org/apache/derby/iapi/store/raw/FetchDescriptor.java,<init>,open
https://github.com/apache/derby/tree/eea0d50c8d732cad9ba563ddfa786b7028eb092f//java/tools/org/apache/derby/iapi/tools/i18n/LocalizedInput.java,<init>,open
https://github.com/apache/derby/tree/eea0d50c8d732cad9ba563ddfa786b7028eb092f//java/tools/org/apache/derby/iapi/tools/i18n/LocalizedOutput.java,<init>,open
https://github.com/apache/derby/tree/eea0d50c8d732cad9ba563ddfa786b7028eb092f//java/tools/org/apache/derby/iapi/tools/i18n/LocalizedResource.java,null,open
https://github.com/apache/derby/tree/eea0d50c8d732cad9ba563ddfa786b7028eb092f//java/tools/org/apache/derby/iapi/tools/i18n/LocalizedResource.java,getInstance,open
https://github.com/apache/derby/tree/eea0d50c8d732cad9ba563ddfa786b7028eb092f//java/tools/org/apache/derby/iapi/tools/i18n/LocalizedResource.java,InputReader,open
https://github.com/apache/derby/tree/eea0d50c8d732cad9ba563ddfa786b7028eb092f//java/tools/org/apache/derby/iapi/tools/i18n/LocalizedResource.java,OutputWriter,open
https://github.com/apache/derby/tree/eea0d50c8d732cad9ba563ddfa786b7028eb092f//java/tools/org/apache/derby/iapi/tools/i18n/LocalizedResource.java,getNewLocale,open
https://github.com/apache/derby/tree/eea0d50c8d732cad9ba563ddfa786b7028eb092f//java/tools/org/apache/derby/iapi/tools/i18n/LocalizedResource.java,getTextMessage,open
https://github.com/apache/derby/tree/eea0d50c8d732cad9ba563ddfa786b7028eb092f//java/tools/org/apache/derby/iapi/tools/run.java,null,open
https://github.com/apache/derby/tree/eea0d50c8d732cad9ba563ddfa786b7028eb092f//java/engine/org/apache/derby/iapi/types/NumberDataType.java,setBigDecimal,open
https://github.com/apache/derby/tree/eea0d50c8d732cad9ba563ddfa786b7028eb092f//java/engine/org/apache/derby/iapi/types/NumberDataType.java,setBigDecimal,open
https://github.com/apache/derby/tree/eea0d50c8d732cad9ba563ddfa786b7028eb092f//java/drda/org/apache/derby/impl/drda/NetworkServerControlImpl.java,checkShutdownPrivileges,open
https://github.com/apache/derby/tree/eea0d50c8d732cad9ba563ddfa786b7028eb092f//java/engine/org/apache/derby/impl/io/DirFile.java,deleteAll,close
https://github.com/apache/derby/tree/eea0d50c8d732cad9ba563ddfa786b7028eb092f//java/engine/org/apache/derby/impl/jdbc/EmbedResultSet.java,updateObject,open
https://github.com/apache/derby/tree/eea0d50c8d732cad9ba563ddfa786b7028eb092f//java/engine/org/apache/derby/impl/jdbc/EmbedResultSetMetaData.java,<init>,close
https://github.com/apache/derby/tree/eea0d50c8d732cad9ba563ddfa786b7028eb092f//java/engine/org/apache/derby/impl/sql/CursorInfo.java,<init>,close
https://github.com/apache/derby/tree/eea0d50c8d732cad9ba563ddfa786b7028eb092f//java/engine/org/apache/derby/impl/sql/GenericPreparedStatement.java,getEndCompileTimestamp,close
https://github.com/apache/derby/tree/eea0d50c8d732cad9ba563ddfa786b7028eb092f//java/engine/org/apache/derby/impl/sql/GenericPreparedStatement.java,getBeginCompileTimestamp,close
https://github.com/apache/derby/tree/eea0d50c8d732cad9ba563ddfa786b7028eb092f//java/engine/org/apache/derby/impl/sql/GenericPreparedStatement.java,getParameterTypes,close
https://github.com/apache/derby/tree/eea0d50c8d732cad9ba563ddfa786b7028eb092f//java/engine/org/apache/derby/impl/sql/GenericPreparedStatement.java,getSavedObjects,close
https://github.com/apache/derby/tree/eea0d50c8d732cad9ba563ddfa786b7028eb092f//java/engine/org/apache/derby/impl/sql/GenericResultDescription.java,getColumnInfo,close
https://github.com/apache/derby/tree/eea0d50c8d732cad9ba563ddfa786b7028eb092f//java/engine/org/apache/derby/impl/sql/GenericResultDescription.java,<init>,close
https://github.com/apache/derby/tree/eea0d50c8d732cad9ba563ddfa786b7028eb092f//java/engine/org/apache/derby/impl/sql/GenericStatement.java,prepMinion,open
https://github.com/apache/derby/tree/eea0d50c8d732cad9ba563ddfa786b7028eb092f//java/engine/org/apache/derby/impl/sql/GenericStorablePreparedStatement.java,writeExternal,open
https://github.com/apache/derby/tree/eea0d50c8d732cad9ba563ddfa786b7028eb092f//java/engine/org/apache/derby/impl/sql/LanguageDbPropertySetter.java,validate,open
https://github.com/apache/derby/tree/eea0d50c8d732cad9ba563ddfa786b7028eb092f//java/engine/org/apache/derby/impl/sql/catalog/DDColumnDependableFinder.java,<init>,open
https://github.com/apache/derby/tree/eea0d50c8d732cad9ba563ddfa786b7028eb092f//java/engine/org/apache/derby/impl/sql/catalog/DDColumnDependableFinder.java,null,open
https://github.com/apache/derby/tree/eea0d50c8d732cad9ba563ddfa786b7028eb092f//java/engine/org/apache/derby/impl/sql/catalog/DD_Version.java,handleMinorRevisionChange,open
https://github.com/apache/derby/tree/eea0d50c8d732cad9ba563ddfa786b7028eb092f//java/engine/org/apache/derby/impl/sql/catalog/DDdependableFinder.java,null,open
https://github.com/apache/derby/tree/eea0d50c8d732cad9ba563ddfa786b7028eb092f//java/engine/org/apache/derby/impl/sql/catalog/DataDictionaryImpl.java,addConstraintDescriptor,open
https://github.com/apache/derby/tree/eea0d50c8d732cad9ba563ddfa786b7028eb092f//java/engine/org/apache/derby/impl/sql/catalog/DataDictionaryImpl.java,dropAllPermDescriptors,open
https://github.com/apache/derby/tree/eea0d50c8d732cad9ba563ddfa786b7028eb092f//java/engine/org/apache/derby/impl/sql/catalog/DataDictionaryImpl.java,isSchemaReferenced,close
https://github.com/apache/derby/tree/eea0d50c8d732cad9ba563ddfa786b7028eb092f//java/engine/org/apache/derby/impl/sql/catalog/DataDictionaryImpl.java,populateSYSDUMMY1,open
https://github.com/apache/derby/tree/eea0d50c8d732cad9ba563ddfa786b7028eb092f//java/engine/org/apache/derby/impl/sql/catalog/DataDictionaryImpl.java,upgradeSYSROUTINEPERMS_10_6,open
https://github.com/apache/derby/tree/eea0d50c8d732cad9ba563ddfa786b7028eb092f//java/engine/org/apache/derby/impl/sql/catalog/DataDictionaryImpl.java,makePasswordHasher,close
https://github.com/apache/derby/tree/eea0d50c8d732cad9ba563ddfa786b7028eb092f//java/engine/org/apache/derby/impl/sql/catalog/DataDictionaryImpl.java,addConstraintDescriptor,open
https://github.com/apache/derby/tree/eea0d50c8d732cad9ba563ddfa786b7028eb092f//java/engine/org/apache/derby/impl/sql/catalog/SYSTRIGGERSRowFactory.java,buildDescriptor,close
https://github.com/apache/derby/tree/eea0d50c8d732cad9ba563ddfa786b7028eb092f//java/engine/org/apache/derby/impl/sql/catalog/SYSUSERSRowFactory.java,makeRow,open
https://github.com/apache/derby/tree/eea0d50c8d732cad9ba563ddfa786b7028eb092f//java/engine/org/apache/derby/impl/sql/catalog/SYSVIEWSRowFactory.java,makeRow,open
https://github.com/apache/derby/tree/eea0d50c8d732cad9ba563ddfa786b7028eb092f//java/engine/org/apache/derby/impl/sql/catalog/XPLAINStatementDescriptor.java,<init>,close
https://github.com/apache/derby/tree/eea0d50c8d732cad9ba563ddfa786b7028eb092f//java/engine/org/apache/derby/impl/sql/catalog/XPLAINStatementTimingsDescriptor.java,<init>,close
https://github.com/apache/derby/tree/eea0d50c8d732cad9ba563ddfa786b7028eb092f//java/engine/org/apache/derby/impl/sql/catalog/XPLAINStatementTimingsDescriptor.java,<init>,close
https://github.com/apache/derby/tree/eea0d50c8d732cad9ba563ddfa786b7028eb092f//java/engine/org/apache/derby/impl/sql/catalog/XPLAINStatementTimingsDescriptor.java,<init>,close
https://github.com/apache/derby/tree/eea0d50c8d732cad9ba563ddfa786b7028eb092f//java/engine/org/apache/derby/impl/sql/catalog/XPLAINStatementTimingsDescriptor.java,<init>,close
https://github.com/apache/derby/tree/eea0d50c8d732cad9ba563ddfa786b7028eb092f//java/engine/org/apache/derby/impl/sql/compile/AccessPathImpl.java,null,open
https://github.com/apache/derby/tree/eea0d50c8d732cad9ba563ddfa786b7028eb092f//java/engine/org/apache/derby/impl/sql/compile/BinaryComparisonOperatorNode.java,bindComparisonOperator,close
https://github.com/apache/derby/tree/eea0d50c8d732cad9ba563ddfa786b7028eb092f//java/engine/org/apache/derby/impl/sql/compile/BinaryComparisonOperatorNode.java,bindExpression,close
https://github.com/apache/derby/tree/eea0d50c8d732cad9ba563ddfa786b7028eb092f//java/engine/org/apache/derby/impl/sql/compile/BinaryOperatorNode.java,bindXMLQuery,close
https://github.com/apache/derby/tree/eea0d50c8d732cad9ba563ddfa786b7028eb092f//java/engine/org/apache/derby/impl/sql/compile/BinaryRelationalOperatorNode.java,generateOperator,open
https://github.com/apache/derby/tree/eea0d50c8d732cad9ba563ddfa786b7028eb092f//java/engine/org/apache/derby/impl/sql/compile/BinaryRelationalOperatorNode.java,generateNegate,open
https://github.com/apache/derby/tree/eea0d50c8d732cad9ba563ddfa786b7028eb092f//java/engine/org/apache/derby/impl/sql/compile/BinaryRelationalOperatorNode.java,generateOperator,open
https://github.com/apache/derby/tree/eea0d50c8d732cad9ba563ddfa786b7028eb092f//java/engine/org/apache/derby/impl/sql/compile/CastNode.java,bindExpression,close
https://github.com/apache/derby/tree/eea0d50c8d732cad9ba563ddfa786b7028eb092f//java/engine/org/apache/derby/impl/sql/compile/CastNode.java,bindExpression,open
https://github.com/apache/derby/tree/eea0d50c8d732cad9ba563ddfa786b7028eb092f//java/engine/org/apache/derby/impl/sql/compile/CastNode.java,getCastFromNumericType,open
https://github.com/apache/derby/tree/eea0d50c8d732cad9ba563ddfa786b7028eb092f//java/engine/org/apache/derby/impl/sql/compile/ColumnOrdering.java,toString,open
https://github.com/apache/derby/tree/eea0d50c8d732cad9ba563ddfa786b7028eb092f//java/engine/org/apache/derby/impl/sql/compile/ColumnReference.java,remapColumnReferencesToExpressions,open
https://github.com/apache/derby/tree/eea0d50c8d732cad9ba563ddfa786b7028eb092f//java/engine/org/apache/derby/impl/sql/compile/CompilerContextImpl.java,getParameterTypes,open
https://github.com/apache/derby/tree/eea0d50c8d732cad9ba563ddfa786b7028eb092f//java/engine/org/apache/derby/impl/sql/compile/CompilerContextImpl.java,getSavedObjects,open
https://github.com/apache/derby/tree/eea0d50c8d732cad9ba563ddfa786b7028eb092f//java/engine/org/apache/derby/impl/sql/compile/CompilerContextImpl.java,getUniqueClassName,open
https://github.com/apache/derby/tree/eea0d50c8d732cad9ba563ddfa786b7028eb092f//java/engine/org/apache/derby/impl/sql/compile/CompilerContextImpl.java,getRequiredPermissionsList,open
https://github.com/apache/derby/tree/eea0d50c8d732cad9ba563ddfa786b7028eb092f//java/engine/org/apache/derby/impl/sql/compile/CreateIndexNode.java,bindStatement,close
https://github.com/apache/derby/tree/eea0d50c8d732cad9ba563ddfa786b7028eb092f//java/engine/org/apache/derby/impl/sql/compile/CreateSequenceNode.java,bindStatement,close
https://github.com/apache/derby/tree/eea0d50c8d732cad9ba563ddfa786b7028eb092f//java/engine/org/apache/derby/impl/sql/compile/CreateSequenceNode.java,bindStatement,open
https://github.com/apache/derby/tree/eea0d50c8d732cad9ba563ddfa786b7028eb092f//java/engine/org/apache/derby/impl/sql/compile/CreateSequenceNode.java,bindStatement,open
https://github.com/apache/derby/tree/eea0d50c8d732cad9ba563ddfa786b7028eb092f//java/engine/org/apache/derby/impl/sql/compile/CreateTableNode.java,bindStatement,open
https://github.com/apache/derby/tree/eea0d50c8d732cad9ba563ddfa786b7028eb092f//java/engine/org/apache/derby/impl/sql/compile/CreateTriggerNode.java,justTheRequiredColumns,open
https://github.com/apache/derby/tree/eea0d50c8d732cad9ba563ddfa786b7028eb092f//java/engine/org/apache/derby/impl/sql/compile/DMLModStatementNode.java,bindRowScopedExpression,close
https://github.com/apache/derby/tree/eea0d50c8d732cad9ba563ddfa786b7028eb092f//java/engine/org/apache/derby/impl/sql/compile/DMLModStatementNode.java,parseCheckConstraint,close
https://github.com/apache/derby/tree/eea0d50c8d732cad9ba563ddfa786b7028eb092f//java/engine/org/apache/derby/impl/sql/compile/DMLModStatementNode.java,parseGenerationClause,close
https://github.com/apache/derby/tree/eea0d50c8d732cad9ba563ddfa786b7028eb092f//java/engine/org/apache/derby/impl/sql/compile/DMLModStatementNode.java,getReadColMap,open
https://github.com/apache/derby/tree/eea0d50c8d732cad9ba563ddfa786b7028eb092f//java/engine/org/apache/derby/impl/sql/compile/DeleteNode.java,getEmptyDeleteNode,open
https://github.com/apache/derby/tree/eea0d50c8d732cad9ba563ddfa786b7028eb092f//java/engine/org/apache/derby/impl/sql/compile/DeleteNode.java,getEmptyUpdateNode,open
https://github.com/apache/derby/tree/eea0d50c8d732cad9ba563ddfa786b7028eb092f//java/engine/org/apache/derby/impl/sql/compile/DeleteNode.java,generate,open
https://github.com/apache/derby/tree/eea0d50c8d732cad9ba563ddfa786b7028eb092f//java/engine/org/apache/derby/impl/sql/compile/DeleteNode.java,optimizeStatement,open
https://github.com/apache/derby/tree/eea0d50c8d732cad9ba563ddfa786b7028eb092f//java/engine/org/apache/derby/impl/sql/compile/DistinctNode.java,optimizeIt,close
https://github.com/apache/derby/tree/eea0d50c8d732cad9ba563ddfa786b7028eb092f//java/engine/org/apache/derby/impl/sql/compile/DropAliasNode.java,aliasTypeName,open
https://github.com/apache/derby/tree/eea0d50c8d732cad9ba563ddfa786b7028eb092f//java/engine/org/apache/derby/impl/sql/compile/FromBaseTable.java,isOneRowResultSet,close
https://github.com/apache/derby/tree/eea0d50c8d732cad9ba563ddfa786b7028eb092f//java/engine/org/apache/derby/impl/sql/compile/FromBaseTable.java,setRefActionInfo,open
https://github.com/apache/derby/tree/eea0d50c8d732cad9ba563ddfa786b7028eb092f//java/engine/org/apache/derby/impl/sql/compile/FromBaseTable.java,mapTableAsVTI,close
https://github.com/apache/derby/tree/eea0d50c8d732cad9ba563ddfa786b7028eb092f//java/engine/org/apache/derby/impl/sql/compile/FromBaseTable.java,verifyProperties,open
https://github.com/apache/derby/tree/eea0d50c8d732cad9ba563ddfa786b7028eb092f//java/engine/org/apache/derby/impl/sql/compile/FromList.java,reOrder,close
https://github.com/apache/derby/tree/eea0d50c8d732cad9ba563ddfa786b7028eb092f//java/engine/org/apache/derby/impl/sql/compile/FromVTI.java,getVTICosting,open
https://github.com/apache/derby/tree/eea0d50c8d732cad9ba563ddfa786b7028eb092f//java/engine/org/apache/derby/impl/sql/compile/FromVTI.java,getNewInstance,open
https://github.com/apache/derby/tree/eea0d50c8d732cad9ba563ddfa786b7028eb092f//java/engine/org/apache/derby/impl/sql/compile/GroupByNode.java,optimizeIt,close
https://github.com/apache/derby/tree/eea0d50c8d732cad9ba563ddfa786b7028eb092f//java/engine/org/apache/derby/impl/sql/compile/GroupByNode.java,null,open
https://github.com/apache/derby/tree/eea0d50c8d732cad9ba563ddfa786b7028eb092f//java/engine/org/apache/derby/impl/sql/compile/HalfOuterJoinNode.java,LOJ_reorderable,open
https://github.com/apache/derby/tree/eea0d50c8d732cad9ba563ddfa786b7028eb092f//java/engine/org/apache/derby/impl/sql/compile/LikeEscapeOperatorNode.java,bindExpression,close
https://github.com/apache/derby/tree/eea0d50c8d732cad9ba563ddfa786b7028eb092f//java/engine/org/apache/derby/impl/sql/compile/LockTableNode.java,bindStatement,close
https://github.com/apache/derby/tree/eea0d50c8d732cad9ba563ddfa786b7028eb092f//java/engine/org/apache/derby/impl/sql/compile/LockTableNode.java,referencesSessionSchema,open
https://github.com/apache/derby/tree/eea0d50c8d732cad9ba563ddfa786b7028eb092f//java/engine/org/apache/derby/impl/sql/compile/MethodCallNode.java,resolveMethodCall,open
https://github.com/apache/derby/tree/eea0d50c8d732cad9ba563ddfa786b7028eb092f//java/engine/org/apache/derby/impl/sql/compile/MethodCallNode.java,generateVarargs,open
https://github.com/apache/derby/tree/eea0d50c8d732cad9ba563ddfa786b7028eb092f//java/engine/org/apache/derby/impl/sql/compile/MethodCallNode.java,throwNoMethodFound,close
https://github.com/apache/derby/tree/eea0d50c8d732cad9ba563ddfa786b7028eb092f//java/engine/org/apache/derby/impl/sql/compile/MethodCallNode.java,getMethodParameterClasses,open
https://github.com/apache/derby/tree/eea0d50c8d732cad9ba563ddfa786b7028eb092f//java/engine/org/apache/derby/impl/sql/compile/MethodCallNode.java,resolveMethodCall,open
https://github.com/apache/derby/tree/eea0d50c8d732cad9ba563ddfa786b7028eb092f//java/engine/org/apache/derby/impl/sql/compile/NumericTypeCompiler.java,getScale,close
https://github.com/apache/derby/tree/eea0d50c8d732cad9ba563ddfa786b7028eb092f//java/engine/org/apache/derby/impl/sql/compile/NumericTypeCompiler.java,getPrecision,open
https://github.com/apache/derby/tree/eea0d50c8d732cad9ba563ddfa786b7028eb092f//java/engine/org/apache/derby/impl/sql/compile/OptimizerImpl.java,ruleBasedCostOptimizable,close
https://github.com/apache/derby/tree/eea0d50c8d732cad9ba563ddfa786b7028eb092f//java/engine/org/apache/derby/impl/sql/compile/OrderByList.java,isInOrderPrefix,close
https://github.com/apache/derby/tree/eea0d50c8d732cad9ba563ddfa786b7028eb092f//java/engine/org/apache/derby/impl/sql/compile/OrderByList.java,estimateCost,open
https://github.com/apache/derby/tree/eea0d50c8d732cad9ba563ddfa786b7028eb092f//java/engine/org/apache/derby/impl/sql/compile/ParameterNode.java,generateExpression,open
https://github.com/apache/derby/tree/eea0d50c8d732cad9ba563ddfa786b7028eb092f//java/engine/org/apache/derby/impl/sql/compile/ParseException.java,<init>,open
https://github.com/apache/derby/tree/eea0d50c8d732cad9ba563ddfa786b7028eb092f//java/engine/org/apache/derby/impl/sql/compile/ParseException.java,<init>,open
https://github.com/apache/derby/tree/eea0d50c8d732cad9ba563ddfa786b7028eb092f//java/engine/org/apache/derby/impl/sql/compile/QueryTreeNode.java,bindRowMultiSet,close
https://github.com/apache/derby/tree/eea0d50c8d732cad9ba563ddfa786b7028eb092f//java/engine/org/apache/derby/impl/sql/compile/ResultColumn.java,compareTo,open
https://github.com/apache/derby/tree/eea0d50c8d732cad9ba563ddfa786b7028eb092f//java/engine/org/apache/derby/impl/sql/compile/ResultColumnList.java,populate,close
https://github.com/apache/derby/tree/eea0d50c8d732cad9ba563ddfa786b7028eb092f//java/engine/org/apache/derby/impl/sql/compile/ResultColumnList.java,setUnionResultExpression,close
https://github.com/apache/derby/tree/eea0d50c8d732cad9ba563ddfa786b7028eb092f//java/engine/org/apache/derby/impl/sql/compile/ResultColumnList.java,hasConsistentTypeInfo,open
https://github.com/apache/derby/tree/eea0d50c8d732cad9ba563ddfa786b7028eb092f//java/engine/org/apache/derby/impl/sql/compile/ResultColumnList.java,commonCodeForUpdatableByCursor,open
https://github.com/apache/derby/tree/eea0d50c8d732cad9ba563ddfa786b7028eb092f//java/engine/org/apache/derby/impl/sql/compile/ResultColumnList.java,getStreamStorableColIds,open
https://github.com/apache/derby/tree/eea0d50c8d732cad9ba563ddfa786b7028eb092f//java/engine/org/apache/derby/impl/sql/compile/ResultColumnList.java,<init>,open
https://github.com/apache/derby/tree/eea0d50c8d732cad9ba563ddfa786b7028eb092f//java/engine/org/apache/derby/impl/sql/compile/ResultColumnList.java,<init>,open
https://github.com/apache/derby/tree/eea0d50c8d732cad9ba563ddfa786b7028eb092f//java/engine/org/apache/derby/impl/sql/compile/ResultSetNode.java,parseDefault,close
https://github.com/apache/derby/tree/eea0d50c8d732cad9ba563ddfa786b7028eb092f//java/engine/org/apache/derby/impl/sql/compile/SelectNode.java,genProjectRestrict,close
https://github.com/apache/derby/tree/eea0d50c8d732cad9ba563ddfa786b7028eb092f//java/engine/org/apache/derby/impl/sql/compile/SelectNode.java,bindExpressions,open
https://github.com/apache/derby/tree/eea0d50c8d732cad9ba563ddfa786b7028eb092f//java/engine/org/apache/derby/impl/sql/compile/SetRoleNode.java,activationKind,close
https://github.com/apache/derby/tree/eea0d50c8d732cad9ba563ddfa786b7028eb092f//java/engine/org/apache/derby/impl/sql/compile/SetSchemaNode.java,activationKind,close
https://github.com/apache/derby/tree/eea0d50c8d732cad9ba563ddfa786b7028eb092f//java/engine/org/apache/derby/impl/sql/compile/SpecialFunctionNode.java,bindExpression,open
https://github.com/apache/derby/tree/eea0d50c8d732cad9ba563ddfa786b7028eb092f//java/engine/org/apache/derby/impl/sql/compile/SpecialFunctionNode.java,generateExpression,open
https://github.com/apache/derby/tree/eea0d50c8d732cad9ba563ddfa786b7028eb092f//java/engine/org/apache/derby/impl/sql/compile/SpecialFunctionNode.java,isEquivalent,open
https://github.com/apache/derby/tree/eea0d50c8d732cad9ba563ddfa786b7028eb092f//java/engine/org/apache/derby/impl/sql/compile/SubqueryNode.java,changeToCorrespondingExpressionType,close
https://github.com/apache/derby/tree/eea0d50c8d732cad9ba563ddfa786b7028eb092f//java/engine/org/apache/derby/impl/sql/compile/SubqueryNode.java,pushNewPredicate,close
https://github.com/apache/derby/tree/eea0d50c8d732cad9ba563ddfa786b7028eb092f//java/engine/org/apache/derby/impl/sql/compile/TableElementList.java,genConstraintActions,open
https://github.com/apache/derby/tree/eea0d50c8d732cad9ba563ddfa786b7028eb092f//java/engine/org/apache/derby/impl/sql/compile/TableElementList.java,validate,open
https://github.com/apache/derby/tree/eea0d50c8d732cad9ba563ddfa786b7028eb092f//java/engine/org/apache/derby/impl/sql/compile/TableElementList.java,validate,open
https://github.com/apache/derby/tree/eea0d50c8d732cad9ba563ddfa786b7028eb092f//java/engine/org/apache/derby/impl/sql/compile/TableElementList.java,setCollationTypesOnCharacterStringColumns,close
https://github.com/apache/derby/tree/eea0d50c8d732cad9ba563ddfa786b7028eb092f//java/engine/org/apache/derby/impl/sql/compile/TypeCompilerFactoryImpl.java,staticGetTypeCompiler,open
https://github.com/apache/derby/tree/eea0d50c8d732cad9ba563ddfa786b7028eb092f//java/engine/org/apache/derby/impl/sql/compile/ValueNodeList.java,comparable,close
https://github.com/apache/derby/tree/eea0d50c8d732cad9ba563ddfa786b7028eb092f//java/engine/org/apache/derby/impl/sql/compile/WindowResultSetNode.java,addNewColumns,close
https://github.com/apache/derby/tree/eea0d50c8d732cad9ba563ddfa786b7028eb092f//java/engine/org/apache/derby/impl/sql/compile/WindowResultSetNode.java,addNewPRNode,close
https://github.com/apache/derby/tree/eea0d50c8d732cad9ba563ddfa786b7028eb092f//java/engine/org/apache/derby/impl/sql/conn/CachedStatement.java,clearIdentity,open
https://github.com/apache/derby/tree/eea0d50c8d732cad9ba563ddfa786b7028eb092f//java/engine/org/apache/derby/impl/sql/conn/GenericLanguageConnectionContext.java,initDefaultSchemaDescriptor,close
https://github.com/apache/derby/tree/eea0d50c8d732cad9ba563ddfa786b7028eb092f//java/engine/org/apache/derby/impl/sql/conn/GenericLanguageConnectionContext.java,verifyAllHeldResultSetsAreClosed,open
https://github.com/apache/derby/tree/eea0d50c8d732cad9ba563ddfa786b7028eb092f//java/engine/org/apache/derby/impl/sql/conn/GenericLanguageConnectionContext.java,verifyNoOpenResultSets,open
https://github.com/apache/derby/tree/eea0d50c8d732cad9ba563ddfa786b7028eb092f//java/engine/org/apache/derby/impl/sql/conn/GenericLanguageConnectionContext.java,autoincrementFlushCache,open
https://github.com/apache/derby/tree/eea0d50c8d732cad9ba563ddfa786b7028eb092f//java/engine/org/apache/derby/impl/sql/conn/GenericLanguageConnectionFactory.java,validate,open
https://github.com/apache/derby/tree/eea0d50c8d732cad9ba563ddfa786b7028eb092f//java/engine/org/apache/derby/impl/sql/conn/GenericLanguageConnectionFactory.java,validate,open
https://github.com/apache/derby/tree/eea0d50c8d732cad9ba563ddfa786b7028eb092f//java/engine/org/apache/derby/impl/sql/execute/AggregateSortObserver.java,<init>,open
https://github.com/apache/derby/tree/eea0d50c8d732cad9ba563ddfa786b7028eb092f//java/engine/org/apache/derby/impl/sql/execute/AggregateSortObserver.java,<init>,open
https://github.com/apache/derby/tree/eea0d50c8d732cad9ba563ddfa786b7028eb092f//java/engine/org/apache/derby/impl/sql/execute/AlterTableConstantAction.java,modifyColumnDefault,close
https://github.com/apache/derby/tree/eea0d50c8d732cad9ba563ddfa786b7028eb092f//java/engine/org/apache/derby/impl/sql/execute/BaseActivation.java,getAutoGeneratedKeysColumnNames,close
https://github.com/apache/derby/tree/eea0d50c8d732cad9ba563ddfa786b7028eb092f//java/engine/org/apache/derby/impl/sql/execute/BaseActivation.java,getAutoGeneratedKeysColumnIndexes,close
https://github.com/apache/derby/tree/eea0d50c8d732cad9ba563ddfa786b7028eb092f//java/engine/org/apache/derby/impl/sql/execute/BaseActivation.java,setAutoGeneratedKeysResultsetInfo,close
https://github.com/apache/derby/tree/eea0d50c8d732cad9ba563ddfa786b7028eb092f//java/engine/org/apache/derby/impl/sql/execute/BaseActivation.java,setAutoGeneratedKeysResultsetInfo,close
https://github.com/apache/derby/tree/eea0d50c8d732cad9ba563ddfa786b7028eb092f//java/engine/org/apache/derby/impl/sql/execute/BaseActivation.java,getColumnFromRow,open
https://github.com/apache/derby/tree/eea0d50c8d732cad9ba563ddfa786b7028eb092f//java/engine/org/apache/derby/impl/sql/execute/BaseActivation.java,getCurrentRow,open
https://github.com/apache/derby/tree/eea0d50c8d732cad9ba563ddfa786b7028eb092f//java/engine/org/apache/derby/impl/sql/execute/BaseActivation.java,null,open
https://github.com/apache/derby/tree/eea0d50c8d732cad9ba563ddfa786b7028eb092f//java/engine/org/apache/derby/impl/sql/execute/BaseActivation.java,null,open
https://github.com/apache/derby/tree/eea0d50c8d732cad9ba563ddfa786b7028eb092f//java/engine/org/apache/derby/impl/sql/execute/BulkTableScanResultSet.java,null,open
https://github.com/apache/derby/tree/eea0d50c8d732cad9ba563ddfa786b7028eb092f//java/engine/org/apache/derby/impl/sql/execute/CardinalityCounter.java,getCardinality,open
https://github.com/apache/derby/tree/eea0d50c8d732cad9ba563ddfa786b7028eb092f//java/engine/org/apache/derby/impl/sql/execute/ColumnInfo.java,<init>,close
https://github.com/apache/derby/tree/eea0d50c8d732cad9ba563ddfa786b7028eb092f//java/engine/org/apache/derby/impl/sql/execute/ConstraintConstantAction.java,validateConstraint,close
https://github.com/apache/derby/tree/eea0d50c8d732cad9ba563ddfa786b7028eb092f//java/engine/org/apache/derby/impl/sql/execute/ConstraintInfo.java,getReferencedColumnNames,close
https://github.com/apache/derby/tree/eea0d50c8d732cad9ba563ddfa786b7028eb092f//java/engine/org/apache/derby/impl/sql/execute/ConstraintInfo.java,<init>,close
https://github.com/apache/derby/tree/eea0d50c8d732cad9ba563ddfa786b7028eb092f//java/engine/org/apache/derby/impl/sql/execute/CreateConstraintConstantAction.java,toString,open
https://github.com/apache/derby/tree/eea0d50c8d732cad9ba563ddfa786b7028eb092f//java/engine/org/apache/derby/impl/sql/execute/CreateIndexConstantAction.java,executeConstantAction,open
https://github.com/apache/derby/tree/eea0d50c8d732cad9ba563ddfa786b7028eb092f//java/engine/org/apache/derby/impl/sql/execute/CreateIndexConstantAction.java,executeConstantAction,open
https://github.com/apache/derby/tree/eea0d50c8d732cad9ba563ddfa786b7028eb092f//java/engine/org/apache/derby/impl/sql/execute/CreateTableConstantAction.java,executeConstantAction,open
https://github.com/apache/derby/tree/eea0d50c8d732cad9ba563ddfa786b7028eb092f//java/engine/org/apache/derby/impl/sql/execute/CreateTriggerConstantAction.java,executeConstantAction,close
https://github.com/apache/derby/tree/eea0d50c8d732cad9ba563ddfa786b7028eb092f//java/engine/org/apache/derby/impl/sql/execute/CurrentDatetime.java,getCurrentDate,open
https://github.com/apache/derby/tree/eea0d50c8d732cad9ba563ddfa786b7028eb092f//java/engine/org/apache/derby/impl/sql/execute/CurrentDatetime.java,getCurrentTimestamp,open
https://github.com/apache/derby/tree/eea0d50c8d732cad9ba563ddfa786b7028eb092f//java/engine/org/apache/derby/impl/sql/execute/CurrentOfResultSet.java,getNextRowCore,open
https://github.com/apache/derby/tree/eea0d50c8d732cad9ba563ddfa786b7028eb092f//java/engine/org/apache/derby/impl/sql/execute/DDLConstantAction.java,findRoleUsage,close
https://github.com/apache/derby/tree/eea0d50c8d732cad9ba563ddfa786b7028eb092f//java/engine/org/apache/derby/impl/sql/execute/DDLConstantAction.java,storeConstraintDependenciesOnPrivileges,close
https://github.com/apache/derby/tree/eea0d50c8d732cad9ba563ddfa786b7028eb092f//java/engine/org/apache/derby/impl/sql/execute/DMLVTIResultSet.java,null,open
https://github.com/apache/derby/tree/eea0d50c8d732cad9ba563ddfa786b7028eb092f//java/engine/org/apache/derby/impl/sql/execute/DeleteCascadeResultSet.java,<init>,open
https://github.com/apache/derby/tree/eea0d50c8d732cad9ba563ddfa786b7028eb092f//java/engine/org/apache/derby/impl/sql/execute/DeleteCascadeResultSet.java,<init>,open
https://github.com/apache/derby/tree/eea0d50c8d732cad9ba563ddfa786b7028eb092f//java/engine/org/apache/derby/impl/sql/execute/DeleteConstantAction.java,<init>,open
https://github.com/apache/derby/tree/eea0d50c8d732cad9ba563ddfa786b7028eb092f//java/engine/org/apache/derby/impl/sql/execute/DependentResultSet.java,<init>,close
https://github.com/apache/derby/tree/eea0d50c8d732cad9ba563ddfa786b7028eb092f//java/engine/org/apache/derby/impl/sql/execute/DependentResultSet.java,printPosition,open
https://github.com/apache/derby/tree/eea0d50c8d732cad9ba563ddfa786b7028eb092f//java/engine/org/apache/derby/impl/sql/execute/FKInfo.java,<init>,close
https://github.com/apache/derby/tree/eea0d50c8d732cad9ba563ddfa786b7028eb092f//java/engine/org/apache/derby/impl/sql/execute/FKInfo.java,<init>,close
https://github.com/apache/derby/tree/eea0d50c8d732cad9ba563ddfa786b7028eb092f//java/engine/org/apache/derby/impl/sql/execute/FKInfo.java,<init>,close
https://github.com/apache/derby/tree/eea0d50c8d732cad9ba563ddfa786b7028eb092f//java/engine/org/apache/derby/impl/sql/execute/FKInfo.java,<init>,close
https://github.com/apache/derby/tree/eea0d50c8d732cad9ba563ddfa786b7028eb092f//java/engine/org/apache/derby/impl/sql/execute/FKInfo.java,<init>,close
https://github.com/apache/derby/tree/eea0d50c8d732cad9ba563ddfa786b7028eb092f//java/engine/org/apache/derby/impl/sql/execute/FKInfo.java,<init>,close
https://github.com/apache/derby/tree/eea0d50c8d732cad9ba563ddfa786b7028eb092f//java/engine/org/apache/derby/impl/sql/execute/GenericAggregator.java,getAggregatorInstance,open
https://github.com/apache/derby/tree/eea0d50c8d732cad9ba563ddfa786b7028eb092f//java/engine/org/apache/derby/impl/sql/execute/GrantRoleConstantAction.java,null,open
https://github.com/apache/derby/tree/eea0d50c8d732cad9ba563ddfa786b7028eb092f//java/engine/org/apache/derby/impl/sql/execute/GrantRoleConstantAction.java,executeConstantAction,open
https://github.com/apache/derby/tree/eea0d50c8d732cad9ba563ddfa786b7028eb092f//java/engine/org/apache/derby/impl/sql/execute/GroupedAggregateResultSet.java,null,open
https://github.com/apache/derby/tree/eea0d50c8d732cad9ba563ddfa786b7028eb092f//java/engine/org/apache/derby/impl/sql/execute/HashScanResultSet.java,openCore,open
https://github.com/apache/derby/tree/eea0d50c8d732cad9ba563ddfa786b7028eb092f//java/engine/org/apache/derby/impl/sql/execute/HashScanResultSet.java,printPosition,open
https://github.com/apache/derby/tree/eea0d50c8d732cad9ba563ddfa786b7028eb092f//java/engine/org/apache/derby/impl/sql/execute/HashScanResultSet.java,null,open
https://github.com/apache/derby/tree/eea0d50c8d732cad9ba563ddfa786b7028eb092f//java/engine/org/apache/derby/impl/sql/execute/HashScanResultSet.java,null,open
https://github.com/apache/derby/tree/eea0d50c8d732cad9ba563ddfa786b7028eb092f//java/engine/org/apache/derby/impl/sql/execute/HashTableResultSet.java,getNextRowCore,open
https://github.com/apache/derby/tree/eea0d50c8d732cad9ba563ddfa786b7028eb092f//java/engine/org/apache/derby/impl/sql/execute/IndexSetChanger.java,<init>,open
https://github.com/apache/derby/tree/eea0d50c8d732cad9ba563ddfa786b7028eb092f//java/engine/org/apache/derby/impl/sql/execute/IndexSetChanger.java,<init>,open
https://github.com/apache/derby/tree/eea0d50c8d732cad9ba563ddfa786b7028eb092f//java/engine/org/apache/derby/impl/sql/execute/IndexSetChanger.java,<init>,open
https://github.com/apache/derby/tree/eea0d50c8d732cad9ba563ddfa786b7028eb092f//java/engine/org/apache/derby/impl/sql/execute/IndexSetChanger.java,<init>,open
https://github.com/apache/derby/tree/eea0d50c8d732cad9ba563ddfa786b7028eb092f//java/engine/org/apache/derby/impl/sql/execute/IndexSetChanger.java,<init>,open
https://github.com/apache/derby/tree/eea0d50c8d732cad9ba563ddfa786b7028eb092f//java/engine/org/apache/derby/impl/sql/execute/IndexSetChanger.java,open,open
https://github.com/apache/derby/tree/eea0d50c8d732cad9ba563ddfa786b7028eb092f//java/engine/org/apache/derby/impl/sql/execute/InsertConstantAction.java,getAutoincRowLocation,open
https://github.com/apache/derby/tree/eea0d50c8d732cad9ba563ddfa786b7028eb092f//java/engine/org/apache/derby/impl/sql/execute/InsertConstantAction.java,<init>,open
https://github.com/apache/derby/tree/eea0d50c8d732cad9ba563ddfa786b7028eb092f//java/engine/org/apache/derby/impl/sql/execute/InsertConstantAction.java,<init>,open
https://github.com/apache/derby/tree/eea0d50c8d732cad9ba563ddfa786b7028eb092f//java/engine/org/apache/derby/impl/sql/execute/InsertConstantAction.java,<init>,open
https://github.com/apache/derby/tree/eea0d50c8d732cad9ba563ddfa786b7028eb092f//java/engine/org/apache/derby/impl/sql/execute/TablePrivilegeInfo.java,<init>,close
https://github.com/apache/derby/tree/eea0d50c8d732cad9ba563ddfa786b7028eb092f//java/engine/org/apache/derby/impl/sql/execute/TablePrivilegeInfo.java,<init>,close
https://github.com/apache/derby/tree/eea0d50c8d732cad9ba563ddfa786b7028eb092f//java/engine/org/apache/derby/impl/sql/execute/UpdatableVTIConstantAction.java,<init>,open
https://github.com/apache/derby/tree/eea0d50c8d732cad9ba563ddfa786b7028eb092f//java/engine/org/apache/derby/impl/sql/execute/UpdateConstantAction.java,<init>,open
https://github.com/apache/derby/tree/eea0d50c8d732cad9ba563ddfa786b7028eb092f//java/engine/org/apache/derby/impl/sql/execute/ValueRow.java,getRowArray,open
https://github.com/apache/derby/tree/eea0d50c8d732cad9ba563ddfa786b7028eb092f//java/engine/org/apache/derby/impl/sql/execute/ValueRow.java,setRowArray,open
https://github.com/apache/derby/tree/eea0d50c8d732cad9ba563ddfa786b7028eb092f//java/engine/org/apache/derby/impl/sql/execute/rts/RealDeleteCascadeResultSetStatistics.java,<init>,close
https://github.com/apache/derby/tree/eea0d50c8d732cad9ba563ddfa786b7028eb092f//java/engine/org/apache/derby/impl/sql/execute/rts/RealHashScanStatistics.java,<init>,close
https://github.com/apache/derby/tree/eea0d50c8d732cad9ba563ddfa786b7028eb092f//java/engine/org/apache/derby/impl/sql/execute/rts/RealHashTableStatistics.java,<init>,close
https://github.com/apache/derby/tree/eea0d50c8d732cad9ba563ddfa786b7028eb092f//java/engine/org/apache/derby/impl/sql/execute/rts/RealHashTableStatistics.java,<init>,close
https://github.com/apache/derby/tree/eea0d50c8d732cad9ba563ddfa786b7028eb092f//java/engine/org/apache/derby/impl/sql/execute/rts/RealProjectRestrictStatistics.java,<init>,close
https://github.com/apache/derby/tree/eea0d50c8d732cad9ba563ddfa786b7028eb092f//java/engine/org/apache/derby/impl/sql/execute/rts/RunTimeStatisticsImpl.java,getEndCompilationTimestamp,close
https://github.com/apache/derby/tree/eea0d50c8d732cad9ba563ddfa786b7028eb092f//java/engine/org/apache/derby/impl/sql/execute/rts/RunTimeStatisticsImpl.java,getEndExecutionTimestamp,close
https://github.com/apache/derby/tree/eea0d50c8d732cad9ba563ddfa786b7028eb092f//java/engine/org/apache/derby/impl/sql/execute/rts/RunTimeStatisticsImpl.java,getBeginCompilationTimestamp,close
https://github.com/apache/derby/tree/eea0d50c8d732cad9ba563ddfa786b7028eb092f//java/engine/org/apache/derby/impl/sql/execute/rts/RunTimeStatisticsImpl.java,getBeginExecutionTimestamp,close
https://github.com/apache/derby/tree/eea0d50c8d732cad9ba563ddfa786b7028eb092f//java/engine/org/apache/derby/impl/sql/execute/rts/RunTimeStatisticsImpl.java,<init>,close
https://github.com/apache/derby/tree/eea0d50c8d732cad9ba563ddfa786b7028eb092f//java/engine/org/apache/derby/impl/sql/execute/rts/RunTimeStatisticsImpl.java,<init>,close
https://github.com/apache/derby/tree/eea0d50c8d732cad9ba563ddfa786b7028eb092f//java/engine/org/apache/derby/impl/sql/execute/rts/RunTimeStatisticsImpl.java,<init>,close
https://github.com/apache/derby/tree/eea0d50c8d732cad9ba563ddfa786b7028eb092f//java/engine/org/apache/derby/impl/sql/execute/rts/RunTimeStatisticsImpl.java,<init>,close
https://github.com/apache/derby/tree/eea0d50c8d732cad9ba563ddfa786b7028eb092f//java/engine/org/apache/derby/impl/sql/execute/rts/RunTimeStatisticsImpl.java,<init>,close
https://github.com/apache/derby/tree/eea0d50c8d732cad9ba563ddfa786b7028eb092f//java/engine/org/apache/derby/impl/sql/execute/xplain/XPLAINFactory.java,getXPLAINVisitor,open
https://github.com/apache/derby/tree/eea0d50c8d732cad9ba563ddfa786b7028eb092f//java/engine/org/apache/derby/impl/sql/execute/xplain/XPLAINSystemTableVisitor.java,addArraysToSystemCatalogs,open
https://github.com/apache/derby/tree/eea0d50c8d732cad9ba563ddfa786b7028eb092f//java/engine/org/apache/derby/impl/sql/execute/xplain/XPLAINSystemTableVisitor.java,addStmtDescriptorsToSystemCatalog,open
https://github.com/apache/derby/tree/eea0d50c8d732cad9ba563ddfa786b7028eb092f//java/engine/org/apache/derby/impl/sql/execute/xplain/XPLAINSystemTableVisitor.java,addArraysToSystemCatalogs,open
https://github.com/apache/derby/tree/eea0d50c8d732cad9ba563ddfa786b7028eb092f//java/engine/org/apache/derby/impl/sql/execute/xplain/XPLAINSystemTableVisitor.java,addStmtDescriptorsToSystemCatalog,open
https://github.com/apache/derby/tree/eea0d50c8d732cad9ba563ddfa786b7028eb092f//java/engine/org/apache/derby/impl/sql/execute/xplain/XPLAINUtil.java,getLockGranularityCode,open
https://github.com/apache/derby/tree/eea0d50c8d732cad9ba563ddfa786b7028eb092f//java/engine/org/apache/derby/impl/sql/execute/xplain/XPLAINUtil.java,getLockModeCode,open
https://github.com/apache/derby/tree/eea0d50c8d732cad9ba563ddfa786b7028eb092f//java/engine/org/apache/derby/impl/sql/execute/xplain/XPLAINUtil.java,getStatementType,open
https://github.com/apache/derby/tree/eea0d50c8d732cad9ba563ddfa786b7028eb092f//java/engine/org/apache/derby/impl/sql/execute/xplain/XPLAINUtil.java,getHashKeyColumnNumberString,open
https://github.com/apache/derby/tree/eea0d50c8d732cad9ba563ddfa786b7028eb092f//java/engine/org/apache/derby/impl/store/access/BackingStoreHashTableFromScan.java,<init>,open
https://github.com/apache/derby/tree/eea0d50c8d732cad9ba563ddfa786b7028eb092f//java/engine/org/apache/derby/impl/store/access/btree/OpenBTree.java,checkConsistency,open
https://github.com/apache/derby/tree/eea0d50c8d732cad9ba563ddfa786b7028eb092f//java/engine/org/apache/derby/impl/store/access/btree/index/B2IRowLocking3.java,_lockScanRow,close
https://github.com/apache/derby/tree/eea0d50c8d732cad9ba563ddfa786b7028eb092f//java/engine/org/apache/derby/impl/store/raw/data/CopyRowsOperation.java,<init>,open
https://github.com/apache/derby/tree/eea0d50c8d732cad9ba563ddfa786b7028eb092f//java/engine/org/apache/derby/impl/store/raw/data/PurgeOperation.java,<init>,open
https://github.com/apache/derby/tree/eea0d50c8d732cad9ba563ddfa786b7028eb092f//java/engine/org/apache/derby/impl/store/raw/data/RawField.java,getData,open
https://github.com/apache/derby/tree/eea0d50c8d732cad9ba563ddfa786b7028eb092f//java/engine/org/apache/derby/impl/store/raw/data/RawField.java,<init>,open
https://github.com/apache/derby/tree/eea0d50c8d732cad9ba563ddfa786b7028eb092f//java/engine/org/apache/derby/impl/store/raw/xact/GlobalXactId.java,getBranchQualifier,open
https://github.com/apache/derby/tree/eea0d50c8d732cad9ba563ddfa786b7028eb092f//java/engine/org/apache/derby/impl/store/raw/xact/GlobalXactId.java,getGlobalTransactionId,open
https://github.com/apache/derby/tree/eea0d50c8d732cad9ba563ddfa786b7028eb092f//java/tools/org/apache/derby/impl/tools/ij/ParseException.java,<init>,close
https://github.com/apache/derby/tree/eea0d50c8d732cad9ba563ddfa786b7028eb092f//java/tools/org/apache/derby/impl/tools/ij/ParseException.java,<init>,close
https://github.com/apache/derby/tree/eea0d50c8d732cad9ba563ddfa786b7028eb092f//java/tools/org/apache/derby/impl/tools/ij/URLCheck.java,main,open
https://github.com/apache/derby/tree/eea0d50c8d732cad9ba563ddfa786b7028eb092f//java/tools/org/apache/derby/impl/tools/ij/ijMultipleResultSetResult.java,getColumnWidthList,close
https://github.com/apache/derby/tree/eea0d50c8d732cad9ba563ddfa786b7028eb092f//java/tools/org/apache/derby/impl/tools/ij/ijMultipleResultSetResult.java,getColumnDisplayList,close
https://github.com/apache/derby/tree/eea0d50c8d732cad9ba563ddfa786b7028eb092f//java/tools/org/apache/derby/impl/tools/ij/ijMultipleResultSetResult.java,<init>,close
https://github.com/apache/derby/tree/eea0d50c8d732cad9ba563ddfa786b7028eb092f//java/tools/org/apache/derby/impl/tools/ij/ijMultipleResultSetResult.java,<init>,close
https://github.com/apache/derby/tree/eea0d50c8d732cad9ba563ddfa786b7028eb092f//java/tools/org/apache/derby/impl/tools/ij/ijMultipleResultSetResult.java,null,open
https://github.com/apache/derby/tree/eea0d50c8d732cad9ba563ddfa786b7028eb092f//java/tools/org/apache/derby/impl/tools/ij/ijResultImpl.java,null,open
https://github.com/apache/derby/tree/eea0d50c8d732cad9ba563ddfa786b7028eb092f//java/tools/org/apache/derby/impl/tools/ij/ijResultSetResult.java,getColumnWidthList,close
https://github.com/apache/derby/tree/eea0d50c8d732cad9ba563ddfa786b7028eb092f//java/tools/org/apache/derby/impl/tools/ij/ijResultSetResult.java,getColumnDisplayList,close
https://github.com/apache/derby/tree/eea0d50c8d732cad9ba563ddfa786b7028eb092f//java/tools/org/apache/derby/impl/tools/ij/ijResultSetResult.java,<init>,close
https://github.com/apache/derby/tree/eea0d50c8d732cad9ba563ddfa786b7028eb092f//java/tools/org/apache/derby/impl/tools/ij/ijResultSetResult.java,<init>,close
https://github.com/apache/derby/tree/eea0d50c8d732cad9ba563ddfa786b7028eb092f//java/tools/org/apache/derby/impl/tools/ij/ijResultSetResult.java,null,open
https://github.com/apache/derby/tree/eea0d50c8d732cad9ba563ddfa786b7028eb092f//java/tools/org/apache/derby/impl/tools/ij/ijRowResult.java,null,open
https://github.com/apache/derby/tree/eea0d50c8d732cad9ba563ddfa786b7028eb092f//java/tools/org/apache/derby/impl/tools/ij/ijStatementResult.java,null,open
https://github.com/apache/derby/tree/eea0d50c8d732cad9ba563ddfa786b7028eb092f//java/tools/org/apache/derby/impl/tools/ij/ijTokenException.java,null,open
https://github.com/apache/derby/tree/eea0d50c8d732cad9ba563ddfa786b7028eb092f//java/tools/org/apache/derby/impl/tools/ij/ijVectorResult.java,null,open
https://github.com/apache/derby/tree/eea0d50c8d732cad9ba563ddfa786b7028eb092f//java/tools/org/apache/derby/impl/tools/ij/ijWarningResult.java,null,open
https://github.com/apache/derby/tree/eea0d50c8d732cad9ba563ddfa786b7028eb092f//java/tools/org/apache/derby/impl/tools/ij/utilMain.java,<init>,close
https://github.com/apache/derby/tree/eea0d50c8d732cad9ba563ddfa786b7028eb092f//java/tools/org/apache/derby/impl/tools/ij/utilMain.java,null,open
https://github.com/apache/derby/tree/eea0d50c8d732cad9ba563ddfa786b7028eb092f//java/tools/org/apache/derby/impl/tools/ij/utilMain.java,runScriptGuts,open
https://github.com/apache/derby/tree/eea0d50c8d732cad9ba563ddfa786b7028eb092f//java/tools/org/apache/derby/impl/tools/planexporter/AccessDatabase.java,getData,close
https://github.com/apache/derby/tree/eea0d50c8d732cad9ba563ddfa786b7028eb092f//java/tools/org/apache/derby/impl/tools/planexporter/AccessDatabase.java,createXMLData,open
https://github.com/apache/derby/tree/eea0d50c8d732cad9ba563ddfa786b7028eb092f//java/engine/org/apache/derby/vti/StringColumnVTI.java,<init>,close
https://github.com/apache/derby/tree/eea0d50c8d732cad9ba563ddfa786b7028eb092f//java/engine/org/apache/derby/vti/StringColumnVTI.java,getBytes,open
https://github.com/apache/derby/tree/eea0d50c8d732cad9ba563ddfa786b7028eb092f//java/build/org/apache/derbyBuild/ClassSizeCrawler.java,main,open
url,method_name,category
https://github.com/apache/jmeter/tree/adca9fe1d982342e0cec8d1e410dabd0967bb852//src/components/org/apache/jmeter/assertions/XMLAssertion.java,getResult,close
https://github.com/apache/jmeter/tree/adca9fe1d982342e0cec8d1e410dabd0967bb852//src/components/org/apache/jmeter/assertions/XMLAssertion.java,null,open
https://github.com/apache/jmeter/tree/adca9fe1d982342e0cec8d1e410dabd0967bb852//src/protocol/http/org/apache/jmeter/protocol/http/sampler/HTTPSampleResult.java,getDataEncodingWithDefault,close
https://github.com/apache/jmeter/tree/adca9fe1d982342e0cec8d1e410dabd0967bb852//src/protocol/http/org/apache/jmeter/protocol/http/sampler/HTTPSamplerBase.java,resultProcessing,open
https://github.com/apache/jmeter/tree/adca9fe1d982342e0cec8d1e410dabd0967bb852//src/protocol/http/org/apache/jmeter/protocol/http/sampler/HTTPSamplerBase.java,errorResult,open
url,method_name,category
https://github.com/apache/lucene-solr/tree/9e82c2409d62e7be04dc4fae7c45c3712be639a2//lucene/core/src/java/org/apache/lucene/index/LogMergePolicy.java,compareTo,close
https://github.com/apache/lucene-solr/tree/9e82c2409d62e7be04dc4fae7c45c3712be639a2//lucene/core/src/java/org/apache/lucene/index/LogMergePolicy.java,compareTo,open
https://github.com/apache/lucene-solr/tree/9e82c2409d62e7be04dc4fae7c45c3712be639a2//solr/core/src/java/org/apache/solr/core/SolrResourceLoader.java,findClass,open
https://github.com/apache/lucene-solr/tree/9e82c2409d62e7be04dc4fae7c45c3712be639a2//solr/core/src/java/org/apache/solr/schema/CurrencyField.java,init,close
https://github.com/apache/lucene-solr/tree/9e82c2409d62e7be04dc4fae7c45c3712be639a2//solr/core/src/java/org/apache/solr/schema/CurrencyField.java,init,open
https://github.com/apache/lucene-solr/tree/9e82c2409d62e7be04dc4fae7c45c3712be639a2//solr/core/src/java/org/apache/solr/schema/OpenExchangeRatesOrgProvider.java,getExchangeRate,close
https://github.com/apache/lucene-solr/tree/9e82c2409d62e7be04dc4fae7c45c3712be639a2//solr/core/src/java/org/apache/solr/schema/OpenExchangeRatesOrgProvider.java,reload,open
https://github.com/apache/lucene-solr/tree/9e82c2409d62e7be04dc4fae7c45c3712be639a2//solr/core/src/java/org/apache/solr/update/UpdateLog.java,getLogList,close
https://github.com/apache/lucene-solr/tree/9e82c2409d62e7be04dc4fae7c45c3712be639a2//solr/core/src/java/org/apache/solr/update/UpdateLog.java,init,open
https://github.com/apache/lucene-solr/tree/9e82c2409d62e7be04dc4fae7c45c3712be639a2//solr/core/src/java/org/apache/solr/update/UpdateLog.java,null,open
https://github.com/apache/lucene-solr/tree/9e82c2409d62e7be04dc4fae7c45c3712be639a2//solr/core/src/java/org/apache/solr/update/processor/CloneFieldUpdateProcessorFactory.java,inform,close
https://github.com/apache/lucene-solr/tree/9e82c2409d62e7be04dc4fae7c45c3712be639a2//solr/core/src/java/org/apache/solr/update/processor/ConcatFieldUpdateProcessorFactory.java,null,open
url,method_name,category
url,method_name,category
https://github.com/apache/tomcat/tree/ad9a49cb08bf004af97cad465bba45d21d112325//webapps/examples/WEB-INF/classes/compressionFilters/CompressionServletResponseWrapper.java,setCompressionMimeTypes,open
https://github.com/apache/tomcat/tree/ad9a49cb08bf004af97cad465bba45d21d112325//java/org/apache/jasper/EmbeddedServletOptions.java,<init>,close
https://github.com/apache/tomcat/tree/ad9a49cb08bf004af97cad465bba45d21d112325//java/org/apache/jasper/JspC.java,initServletContext,open
https://github.com/apache/tomcat/tree/ad9a49cb08bf004af97cad465bba45d21d112325//java/org/apache/jasper/JspC.java,setValidateXml,close
https://github.com/apache/tomcat/tree/ad9a49cb08bf004af97cad465bba45d21d112325//java/org/apache/jasper/JspCompilationContext.java,getJspLoader,open
https://github.com/apache/tomcat/tree/ad9a49cb08bf004af97cad465bba45d21d112325//java/org/apache/tomcat/buildutil/Txt2Html.java,convert,close
https://github.com/apache/tomcat/tree/ad9a49cb08bf004af97cad465bba45d21d112325//java/org/apache/tomcat/buildutil/Txt2Html.java,execute,open
https://github.com/apache/tomcat/tree/ad9a49cb08bf004af97cad465bba45d21d112325//modules/jdbc-pool/src/main/java/org/apache/tomcat/jdbc/pool/interceptor/SlowQueryReportJmx.java,getCompositeType,close
https://github.com/apache/tomcat/tree/ad9a49cb08bf004af97cad465bba45d21d112325//java/org/apache/tomcat/jni/Library.java,null,open
https://github.com/apache/tomcat/tree/ad9a49cb08bf004af97cad465bba45d21d112325//java/org/apache/tomcat/jni/Library.java,null,open
https://github.com/apache/tomcat/tree/ad9a49cb08bf004af97cad465bba45d21d112325//java/org/apache/tomcat/util/http/fileupload/FileUploadBase.java,getParsedHeaders,close
https://github.com/apache/tomcat/tree/ad9a49cb08bf004af97cad465bba45d21d112325//java/org/apache/tomcat/util/http/fileupload/FileUploadBase.java,null,open
https://github.com/apache/tomcat/tree/ad9a49cb08bf004af97cad465bba45d21d112325//java/org/apache/tomcat/util/http/fileupload/MultipartStream.java,readHeaders,open
